{
    "loss": 0.01376254204660654,
    "accuracy": 0.9901960492134094
}